sentence,integer_number,count,counterfactual_answers,items
"In the store, I bought {items}. Now, I have {count}",3,three,"['one', 'two', 'four', 'five', 'six', 'seven', 'eight', 'nine']","an orange, a banana, and an apple"
"During the picnic, we enjoyed {items}. We had {count}",3,three,"['one', 'two', 'four', 'five', 'six', 'seven', 'eight', 'nine']","a sandwich, a hotdog, and a burger"
"At the party, she had {items}. The items she had totaled {count}",3,three,"['one', 'two', 'four', 'five', 'six', 'seven', 'eight', 'nine']","a cake, a cupcake, and a cookie"
"While hiking, he found {items}. The count of items found was {count}",3,three,"['one', 'two', 'four', 'five', 'six', 'seven', 'eight', 'nine']","a pinecone, a stone, and a feather"
"In the garden, they grew {items}. The harvest yielded {count}",3,three,"['one', 'two', 'four', 'five', 'six', 'seven', 'eight', 'nine']","a carrot, a radish, and a beet"
"At the museum, we saw {items}. The exhibits we saw were {count}",3,three,"['one', 'two', 'four', 'five', 'six', 'seven', 'eight', 'nine']","a painting, a sculpture, and a photograph"
"In the bakery, he ordered {items}. He ended up with {count}",3,three,"['one', 'two', 'four', 'five', 'six', 'seven', 'eight', 'nine']","a croissant, a muffin, and a scone"
"While shopping, she picked up {items}. The total number of things she got was {count}",3,three,"['one', 'two', 'four', 'five', 'six', 'seven', 'eight', 'nine']","a shirt, a dress, and a hat"
"At the pet store, they bought {items}. Now, they have {count}",3,three,"['one', 'two', 'four', 'five', 'six', 'seven', 'eight', 'nine']","a fish, a hamster, and a guinea pig"
"In the cafe, we ordered {items}. The number of coffees we ordered was {count}.",3,three,"['one', 'two', 'four', 'five', 'six', 'seven', 'eight', 'nine']","a latte, a cappuccino, and an espresso"
"During the show, he juggled {items}. He managed to juggle {count}",3,three,"['one', 'two', 'four', 'five', 'six', 'seven', 'eight', 'nine']","balls, rings, and clubs"
"In the bookstore, she bought {items}. She ended up with {count}",3,three,"['one', 'two', 'four', 'five', 'six', 'seven', 'eight', 'nine']","a novel, a poetry collection, and a self-help book"
"At the concert, we got {items}. Our total count of souvenirs was {count}",3,three,"['one', 'two', 'four', 'five', 'six', 'seven', 'eight', 'nine']","a t-shirt, a poster, and a keychain"
"While fishing, he caught {items}. The number of fish he caught was {count}",3,three,"['one', 'two', 'four', 'five', 'six', 'seven', 'eight', 'nine']","trout, bass, and salmon"
"In the classroom, she found {items}. The total count of pencils she found was {count}",3,three,"['one', 'two', 'four', 'five', 'six', 'seven', 'eight', 'nine']","a red pencil, a blue pencil, and a green pencil"
"At the flower shop, he bought {items}. The number of flowers he bought was {count}",3,three,"['one', 'two', 'four', 'five', 'six', 'seven', 'eight', 'nine']","roses, daisies, and tulips"
"During the hike, they found {items}. Their total count of discoveries was {count}",3,three,"['one', 'two', 'four', 'five', 'six', 'seven', 'eight', 'nine']","a waterfall, a cave, and a meadow"
"In the toy store, she bought {items}. The number of toys she bought was {count}",3,three,"['one', 'two', 'four', 'five', 'six', 'seven', 'eight', 'nine']","a doll, a teddy bear, and a toy car"
"While gardening, they planted {items}. Their total count of planted items was {count}",3,three,"['one', 'two', 'four', 'five', 'six', 'seven', 'eight', 'nine']","seeds, saplings, and bulbs"
